,no of infected individuals,infection_rate
0,0,0.0
1,1,14.281168266304004
2,2,26.294867225883916
3,3,36.37303344084749
4,4,44.894744618928016
5,5,52.06532014338465
6,6,58.05329920279247
7,7,63.15929199473095
8,8,67.42082189058462
9,9,70.95908924962094
10,10,74.00341858747969
11,11,76.53212182427342
