,infected_individual,infection_rate
0,0,0.0
1,1,14.287741181468617
2,2,26.301950525815577
3,3,36.396167535637915
4,4,44.897646695002976
5,5,52.07760719694472
6,6,58.08919509058883
7,7,63.19475522061223
8,8,67.38053147391561
9,9,70.99463069333063
10,10,73.99137908645679
11,11,76.51966001829366
