,hours,infection_rate
0,0,0.0
1,1,2.569486767612757
2,2,4.625232175500627
3,3,7.417264542723776
4,4,8.976694846395148
5,5,10.454310779216812
6,6,12.182691330511703
7,7,13.629009588241917
8,8,15.128918923914947
9,9,15.764406648561993
10,10,17.80936905188916
11,11,18.368554992778776
