,no of infected individuals,infection_rate
0,0,0.0
1,1,2.735937758896552
2,2,5.0023615494464355
3,3,7.281514313128443
4,4,8.869982533284125
5,5,10.483948228093215
6,6,11.865083795418935
7,7,13.429536990710487
8,8,14.991947692024132
9,9,16.043357406848944
10,10,17.77415664462636
11,11,18.898678743979367
